lemma,pos,gender,en,level,introduced,recycled,forms
abitare,verb,,"to live, to reside",A1,s01e01,s01e04 s01e07 s01e08 s01e12,"abita, abitano, abitare, abiti, abitiamo, abito"
americano,adjective,,American,A1,s01e01,s01e02 s01e03 s01e05 s01e06 s01e07 s01e08 s01e09 s01e10 s01e11 s01e12 s05e03,"americana, americane, americani, americano"
arrivederci,interjection,,goodbye,A1,s01e01,,arrivederci
benvenuto,adjective,,welcome,A1,s01e01,s01e04 s01e06 s01e11,"benvenuta, benvenute, benvenuti, benvenuto"
buonasera,interjection,,good evening,A1,s01e01,s01e02 s01e03 s01e04 s01e07 s01e10 s05e03,buonasera
buongiorno,interjection,,good morning,A1,s01e01,s01e02 s01e03 s01e04 s01e05 s01e06 s01e07 s01e08 s01e09 s01e10 s01e11 s05e03,buongiorno
ciao,interjection,,hi; bye,A1,s01e01,s01e03 s01e04 s01e05 s01e07 s01e08 s01e09 s01e11 s01e12 s05e03,ciao
essere,verb,,to be,A1,s01e01,s01e02 s01e03 s01e04 s01e05 s01e06 s01e07 s01e08 s01e09 s01e10 s01e11 s01e12 s05e03,"essere, sei, siamo, siete, sono, è"
grazie,interjection,,thank you,A1,s01e01,s01e02 s01e03 s01e04 s01e05 s01e06 s01e07 s01e08 s01e09 s01e10 s01e11 s01e12 s05e03,grazie
il gatto,noun,m,cat,A1,s01e01,s01e02 s01e03 s01e05 s01e10 s01e11 s01e12,"gatti, gatto, il gatto"
il giorno,noun,m,day,A1,s01e01,s01e02 s01e03 s01e06 s01e07 s01e09 s01e10 s05e03,"giorni, giorno, il giorno"
il nome,noun,m,name,A1,s01e01,s01e03 s01e06 s01e07 s01e08 s01e11 s01e12 s05e03,"il nome, nome, nomi"
il parcheggio,noun,m,parking space,A1,s01e01,,"il parcheggio, parcheggi, parcheggio"
il vicino,noun,m,neighbor,A1,s01e01,s01e02 s01e03 s01e04 s01e05 s01e06 s01e07 s01e08 s01e09 s01e10 s01e11 s01e12 s05e03,"il vicino, vicina, vicine, vicini, vicino"
italiano,adjective,,Italian,A1,s01e01,s01e02 s01e03 s01e04 s01e05 s01e06 s01e08 s01e09 s01e10 s01e11 s01e12 s05e03,"italiana, italiane, italiani, italiano"
l'amico,noun,m,friend,A1,s01e01,s01e02 s01e06 s01e07 s01e10 s01e11 s05e03,"amica, amiche, amici, amico, l'amico"
la casa,noun,f,"house, home",A1,s01e01,s01e02 s01e03 s01e04 s01e05 s01e06 s01e07 s01e08 s01e09 s01e10 s01e11 s01e12 s05e03,"casa, case, la casa"
la classe,noun,f,class,A1,s01e01,s01e06 s01e07 s01e09 s01e10 s05e03,"classe, classi, la classe"
la finestra,noun,f,window,A1,s01e01,s01e02 s01e03 s01e04 s01e06 s01e07 s01e08 s01e09 s01e10 s01e11 s01e12 s05e03,"finestra, finestre, la finestra"
la maestra,noun,f,primary-school teacher,A1,s01e01,s01e09 s01e10 s01e12,"la maestra, maestra, maestre"
la scuola,noun,f,school,A1,s01e01,s01e07 s01e09 s01e10 s01e11 s01e12 s05e03,"la scuola, scuola, scuole"
la signora,noun,f,"lady, madam",A1,s01e01,s01e03 s01e04 s01e05 s01e06 s01e07 s01e08 s01e10 s01e11 s01e12 s05e03,"la signora, signora"
la strada,noun,f,"street, road",A1,s01e01,s01e02 s01e04 s01e05 s01e06 s01e07 s01e08 s01e09 s01e10 s01e11 s05e03,"la strada, strada, strade"
mi chiamo,expression,,my name is,A1,s01e01,s01e03 s01e07 s01e10 s01e11 s01e12,"mi chiamo, si chiama, ti chiami"
nuovo,adjective,,new,A1,s01e01,s01e02 s01e03 s01e04 s01e05 s01e06 s01e07 s01e08 s01e09 s01e10 s01e11 s01e12 s05e03,"nuova, nuove, nuovi, nuovo"
parlare,verb,,"to speak, to talk",A1,s01e01,s01e02 s01e05 s01e06 s01e07 s01e08 s01e09 s01e10 s01e11 s01e12 s05e03,"parla, parlano, parlare, parli, parliamo, parlo"
per favore,expression,,please,A1,s01e01,s01e02 s01e04 s01e06 s01e07 s01e11,per favore
piacere,expression,,pleased to meet you; pleasure,A1,s01e01,s01e08 s01e10,piacere
scusi,expression,,excuse me (formal),A1,s01e01,s01e03 s01e06 s01e07 s01e10 s01e11 s05e03,scusi
il bicchiere,noun,m,glass,A1,s01e02,s01e03 s01e05 s01e06 s01e07 s01e09 s01e10 s01e11 s01e12,"bicchiere, bicchieri, il bicchiere"
il caffè,noun,m,coffee,A1,s01e02,s01e03 s01e04 s01e05 s01e06 s01e07 s01e08 s01e09 s01e10 s01e11 s01e12 s05e03,"caffè, il caffè"
il cappuccino,noun,m,cappuccino,A1,s01e02,s05e03,"cappuccini, cappuccino, il cappuccino"
il conto,noun,m,bill,A1,s01e02,s01e04 s01e09 s05e03,"conti, conto, il conto"
il cornetto,noun,m,croissant,A1,s01e02,s01e05 s01e09 s01e11,"cornetti, cornetto, il cornetto"
il dolce,noun,m,dessert,A1,s01e02,s01e05 s01e08 s01e09 s05e03,"dolce, dolci, il dolce"
il latte,noun,m,milk,A1,s01e02,s01e09 s05e03,"il latte, latte"
il numero,noun,m,number,A1,s01e02,s01e03 s01e04 s01e05 s01e06 s01e07 s01e08 s01e09 s01e10 s01e11 s01e12 s05e03,"il numero, numeri, numero"
il pane,noun,m,bread,A1,s01e02,s01e04 s01e05 s01e06 s01e09 s01e10 s01e11 s05e03,"il pane, pane"
il piatto,noun,m,plate,A1,s01e02,s01e03 s01e05 s01e07 s01e08 s01e09 s01e10 s01e11 s05e03,"il piatto, piatti, piatto"
il pranzo,noun,m,lunch,A1,s01e02,s01e05 s01e09 s01e11 s01e12 s05e03,"il pranzo, pranzi, pranzo"
il problema,noun,m,problem,A1,s01e02,s01e04 s01e05 s01e06 s01e08 s01e09 s01e12 s05e03,"il problema, problema, problemi"
il quaderno,noun,m,notebook,A1,s01e02,s01e03 s01e04 s01e05 s01e06 s01e07 s01e09 s01e10 s01e11 s01e12 s05e03,"il quaderno, quaderni, quaderno"
il tavolo,noun,m,table,A1,s01e02,s01e03 s01e05 s01e06 s01e08 s01e09 s01e10 s01e11 s01e12 s05e03,"il tavolo, tavoli, tavolo"
il vino,noun,m,wine,A1,s01e02,s01e05,"il vino, vino"
l'acqua,noun,f,water,A1,s01e02,s01e03 s01e04 s01e05 s01e06 s01e08 s01e09 s01e10 s01e11 s01e12,"acqua, l'acqua"
l'americano,noun,m,the American,A1,s01e02,s01e03 s01e05 s01e06 s01e07 s01e08 s01e09 s01e10 s01e11 s01e12 s05e03,"americano, l'americano"
la brioche,noun,f,brioche,A1,s01e02,,"brioche, la brioche"
la carne,noun,f,meat,A1,s01e02,s01e09,"carne, la carne"
la domenica,noun,f,Sunday,A1,s01e02,s01e03 s01e05 s01e08 s01e09 s01e10 s01e11 s01e12 s05e03,"domenica, la domenica"
la frutta,noun,f,fruit,A1,s01e02,s01e12,"frutta, la frutta"
la parola,noun,f,word,A1,s01e02,s01e03 s01e04 s01e05 s01e06 s01e07 s01e08 s01e09 s01e10 s01e11 s01e12 s05e03,"la parola, parola, parole"
la pasta,noun,f,pasta,A1,s01e02,s01e05 s01e06 s01e07 s01e09 s01e10 s01e11,"la pasta, pasta"
la tazza,noun,f,cup,A1,s01e02,s01e03 s01e05 s01e08 s01e09 s01e10 s01e11 s01e12 s05e03,"la tazza, tazza, tazze"
lo scontrino,noun,m,receipt,A1,s01e02,,"lo scontrino, scontrini, scontrino"
vorrei,expression,,I would like,A1,s01e02,s05e03,vorrei
grande,adjective,,big,A1,s01e03,s01e04 s01e05 s01e06 s01e07 s01e08 s01e09 s01e10 s01e11 s01e12 s05e03,"grande, grandi"
il bagno,noun,m,bathroom,A1,s01e03,,"bagni, bagno, il bagno"
il divano,noun,m,sofa,A1,s01e03,s01e05 s01e12 s05e03,"divani, divano, il divano"
il giardino,noun,m,garden,A1,s01e03,s01e08 s01e11,"giardini, giardino, il giardino"
il letto,noun,m,bed,A1,s01e03,s05e03,"il letto, letti, letto"
il muro,noun,m,wall,A1,s01e03,s01e05 s01e06 s01e08 s01e09 s01e11 s01e12 s05e03,"il muro, muri, muro"
il piano,noun,m,"floor, storey",A1,s01e03,s01e04 s01e05 s01e06 s01e07 s01e08 s01e09 s01e10 s01e11 s01e12 s05e03,"il piano, piani, piano"
il post-it,noun,m,sticky note,A1,s01e03,,"il post-it, post-it"
il salotto,noun,m,living room,A1,s01e03,s01e12,"il salotto, salotti, salotto"
l'armadio,noun,m,wardrobe,A1,s01e03,s01e12 s05e03,"armadi, armadio, l'armadio"
l'etichetta,noun,f,label,A1,s01e03,,"etichetta, etichette, l'etichetta"
l'ospite,noun,m/f,guest,A1,s01e03,,"l'ospite, ospite, ospiti"
la camera,noun,f,"bedroom, room",A1,s01e03,s01e05 s01e08 s01e12 s05e03,"camera, camere, la camera"
la chiave,noun,f,key,A1,s01e03,s01e05 s01e09,"chiave, chiavi, la chiave"
la cosa,noun,f,thing,A1,s01e03,s01e04 s01e05 s01e06 s01e07 s01e08 s01e09 s01e10 s01e11 s01e12 s05e03,"cosa, cose, la cosa"
la cucina,noun,f,kitchen,A1,s01e03,s01e05 s01e06 s01e07 s01e08 s01e09 s01e10 s01e11 s01e12 s05e03,"cucina, cucine, la cucina"
la macchina del caffè,noun,f,coffee maker,A1,s01e03,s01e10,"la macchina del caffè, macchina del caffè"
la porta,noun,f,door,A1,s01e03,s01e04 s01e05 s01e07 s01e08 s01e09 s01e10 s01e11 s01e12 s05e03,"la porta, porta, porte"
la scatola,noun,f,box,A1,s01e03,s01e08 s01e12 s05e03,"la scatola, scatola, scatole"
la sedia,noun,f,chair,A1,s01e03,s01e04 s01e05 s01e09 s01e10 s01e12 s05e03,"la sedia, sedia, sedie"
piccolo,adjective,,small,A1,s01e03,s01e04 s01e05 s01e06 s01e07 s01e08 s01e09 s01e10 s01e11 s01e12 s05e03,"piccola, piccole, piccoli, piccolo"
camminare,verb,,to walk,A1,s01e04,s01e05 s01e07 s01e08 s01e09 s01e11 s05e03,"cammina, camminano, camminare, camminiamo, cammino"
cercare,verb,,to look for,A1,s01e04,s01e06 s01e07 s01e10 s01e11,"cerca, cercano, cercare, cerchiamo, cerco"
guardare,verb,,"to look at, to watch",A1,s01e04,s01e05 s01e06 s01e07 s01e08 s01e09 s01e10 s01e11 s01e12 s05e03,"guarda, guardano, guardare, guardiamo, guardo"
il bar,noun,m,"bar, café",A1,s01e04,s01e05 s01e06 s01e07 s01e08 s01e09 s01e10 s01e11 s01e12 s05e03,"bar, il bar"
il cancello,noun,m,gate,A1,s01e04,s01e08 s05e03,"cancelli, cancello, il cancello"
il giornale,noun,m,newspaper,A1,s01e04,s01e07 s01e10,"giornale, giornali, il giornale"
il negozio,noun,m,shop,A1,s01e04,s01e11,"il negozio, negozi, negozio"
il panificio,noun,m,bakery,A1,s01e04,,"il panificio, panifici, panificio"
il parco,noun,m,park,A1,s01e04,s05e03,"il parco, parchi, parco"
il supermercato,noun,m,supermarket,A1,s01e04,s01e08 s01e09,"il supermercato, supermercati, supermercato"
il treno,noun,m,train,A1,s01e04,s01e06 s01e07 s01e08 s01e09 s01e10 s01e11 s05e03,"il treno, treni, treno"
l'avviso,noun,m,notice,A1,s01e04,,"avvisi, avviso, l'avviso"
l'ufficio,noun,m,office,A1,s01e04,s01e06 s05e03,"l'ufficio, uffici, ufficio"
la banca,noun,f,bank,A1,s01e04,s01e09,"banca, banche, la banca"
la chiesa,noun,f,church,A1,s01e04,s01e10,"chiesa, chiese, la chiesa"
la farmacia,noun,f,pharmacy,A1,s01e04,s05e03,"farmacia, farmacie, la farmacia"
la fermata,noun,f,"stop (bus, tram)",A1,s01e04,s01e11,"fermata, fermate, la fermata"
la fontana,noun,f,fountain,A1,s01e04,s01e11,"fontana, fontane, la fontana"
la mappa,noun,f,map,A1,s01e04,s01e08 s01e11,"la mappa, mappa, mappe"
la piazza,noun,f,square,A1,s01e04,s01e09 s01e10 s01e11 s05e03,"la piazza, piazza, piazze"
la stazione,noun,f,station,A1,s01e04,s01e07 s01e11,"la stazione, stazione, stazioni"
avere fame,expression,,to be hungry,A1,s01e05,,"avere fame, ha fame, hai fame, ho fame"
avere paura,expression,,to be afraid,A1,s01e05,,"avere paura, ha paura, hai paura, ho paura"
avere ragione,expression,,to be right,A1,s01e05,s01e07 s01e11 s05e03,"avere ragione, ha ragione, hai ragione, ho ragione"
avere sete,expression,,to be thirsty,A1,s01e05,s01e09,"avere sete, ha sete, hai sete, ho sete"
avere sonno,expression,,to be sleepy,A1,s01e05,s01e09,"avere sonno, ha sonno, hai sonno, ho sonno"
i genitori,noun,m,parents,A1,s01e05,s01e12,"genitori, i genitori"
i parenti,noun,m,relatives,A1,s01e05,s01e12,"i parenti, parenti"
il cugino,noun,m,cousin,A1,s01e05,s01e12,"cugini, cugino, il cugino"
il figlio,noun,m,son,A1,s01e05,s01e07 s01e12,"figli, figlio, il figlio"
il fratello,noun,m,brother,A1,s01e05,s01e08 s01e12,"fratelli, fratello, il fratello"
il marito,noun,m,husband,A1,s01e05,s01e08 s01e11 s01e12 s05e03,"il marito, mariti, marito"
il nipote,noun,m,grandchild,A1,s01e05,s01e08 s01e12,"il nipote, nipote, nipoti"
il nonno,noun,m,grandfather,A1,s01e05,s01e08 s01e09 s01e10 s01e11 s01e12 s05e03,"il nonno, nonni, nonno"
il padre,noun,m,father,A1,s01e05,s01e07 s01e08 s01e11 s01e12 s05e03,"il padre, padre, padri"
l'anno,noun,m,year,A1,s01e05,s01e06 s01e08 s01e09 s01e12 s05e03,"anni, anno, l'anno"
la famiglia,noun,f,family,A1,s01e05,s01e06 s01e09 s01e11 s01e12 s05e03,"famiglia, famiglie, la famiglia"
la figlia,noun,f,daughter,A1,s01e05,s01e06 s01e09 s01e10 s01e12 s05e03,"figlia, figlie, la figlia"
la foto,noun,f,photo,A1,s01e05,s01e06 s01e08 s01e11 s01e12 s05e03,"foto, la foto"
la madre,noun,f,mother,A1,s01e05,s01e12 s05e03,"la madre, madre, madri"
la moglie,noun,f,wife,A1,s01e05,s01e08 s01e12 s05e03,"la moglie, mogli, moglie"
la nonna,noun,f,grandmother,A1,s01e05,s01e11 s01e12 s05e03,"la nonna, nonna, nonne"
la sorella,noun,f,sister,A1,s01e05,s01e09 s01e12,"la sorella, sorella, sorelle"
la zia,noun,f,aunt,A1,s01e05,s01e12,"la zia, zia, zie"
lo zio,noun,m,uncle,A1,s01e05,s01e12,"lo zio, zii, zio"
aspettare,verb,,to wait,A1,s01e06,s01e09 s05e03,"aspettano, aspettare, aspettiamo, aspetto"
chiamare,verb,,to call,A1,s01e06,s01e07 s01e08 s01e09 s01e10 s01e11 s01e12 s05e03,"chiama, chiamano, chiamare, chiamo"
compilare,verb,,to fill in,A1,s01e06,,"compila, compilano, compilare, compiliamo, compilo"
il cellulare,noun,m,cell phone,A1,s01e06,,"cellulare, cellulari, il cellulare"
il cognome,noun,m,last name,A1,s01e06,,"cognome, cognomi, il cognome"
il documento,noun,m,document,A1,s01e06,s01e09 s05e03,"documenti, documento, il documento"
il gruppo,noun,m,group,A1,s01e06,s01e12,"gruppi, gruppo, il gruppo"
il messaggio,noun,m,message,A1,s01e06,s05e03,"il messaggio, messaggi, messaggio"
il modulo,noun,m,form,A1,s01e06,,"il modulo, moduli, modulo"
il municipio,noun,m,town hall,A1,s01e06,,"il municipio, municipi, municipio"
il prefisso,noun,m,area code,A1,s01e06,,"il prefisso, prefissi, prefisso"
il telefono,noun,m,phone,A1,s01e06,s01e07 s01e08 s01e09 s01e11 s01e12 s05e03,"il telefono, telefoni, telefono"
il turno,noun,m,turn,A1,s01e06,s05e03,"il turno, turni, turno"
l'anagrafe,noun,f,registry office,A1,s01e06,,"anagrafe, l'anagrafe"
l'età,noun,f,age,A1,s01e06,,"età, l'età"
l'impiegato,noun,m,clerk,A1,s01e06,,"impiegata, impiegati, impiegato, l'impiegato"
l'indirizzo,noun,m,address,A1,s01e06,,"indirizzi, indirizzo, l'indirizzo"
la coda,noun,f,"line, queue",A1,s01e06,,"coda, code, la coda"
la data di nascita,expression,,date of birth,A1,s01e06,,"data di nascita, date di nascita, la data di nascita"
la firma,noun,f,signature,A1,s01e06,s01e09 s05e03,"firma, firme, la firma"
la lista,noun,f,list,A1,s01e06,s01e11,"la lista, lista, liste"
la penna,noun,f,pen,A1,s01e06,s01e08 s01e09 s01e10 s01e12 s05e03,"la penna, penna, penne"
la residenza,noun,f,residence,A1,s01e06,,"la residenza, residenza, residenze"
la ricevuta,noun,f,receipt,A1,s01e06,,"la ricevuta, ricevuta, ricevute"
la tessera,noun,f,card,A1,s01e06,,"la tessera, tessera, tessere"
lo sportello,noun,m,"counter, window",A1,s01e06,,"lo sportello, sportelli, sportello"
alto,adjective,,tall,A1,s01e07,s01e08 s01e10 s01e11 s01e12 s05e03,"alta, alte, alti, alto"
anche,adverb,,"also, too",A1,s01e07,s01e08 s01e09 s01e10 s01e11 s01e12 s05e03,anche
antipatico,adjective,,"unpleasant, unlikeable",A1,s01e07,,"antipatica, antipatiche, antipatici, antipatico"
basso,adjective,,short (in height),A1,s01e07,s01e09 s01e10 s01e11 s01e12,"bassa, basse, bassi, basso"
bello,adjective,,"good-looking, beautiful",A1,s01e07,s01e08 s01e09 s01e10 s01e11 s01e12 s05e03,"bei, bel, bella, belle, belli, bello"
descrivere,verb,,to describe,A1,s01e07,,"descrive, descrivere, descrivi, descrivo, descrivono"
gentile,adjective,,kind,A1,s01e07,s01e08 s01e11 s05e03,"gentile, gentili"
giovane,adjective,,young,A1,s01e07,s01e12 s05e03,"giovane, giovani"
gli occhi,noun,m,eyes,A1,s01e07,s01e08 s01e09 s01e10 s01e11 s01e12 s05e03,"gli occhi, occhi, occhio"
i capelli,noun,m,hair,A1,s01e07,s01e10 s01e12 s05e03,"capelli, i capelli"
il foglio,noun,m,sheet of paper,A1,s01e07,s01e08 s01e09 s01e10 s01e12 s05e03,"fogli, foglio, il foglio"
il naso,noun,m,nose,A1,s01e07,,"il naso, nasi, naso"
il ragazzo,noun,m,boy,A1,s01e07,s01e10 s01e11 s05e03,"il ragazzo, ragazza, ragazze, ragazzi, ragazzo"
il signore,noun,m,"man, gentleman",A1,s01e07,s01e08 s01e10 s01e11 s01e12 s05e03,"il signore, signore"
il viaggio,noun,m,"trip, journey",A1,s01e07,s05e03,"il viaggio, viaggi, viaggio"
intelligente,adjective,,smart,A1,s01e07,s05e03,"intelligente, intelligenti"
l'elenco,noun,m,list,A1,s01e07,,"elenchi, elenco, l'elenco"
la compagna,noun,f,classmate,A1,s01e07,s01e09 s01e10 s01e11,"compagna, compagne, compagni, compagno, la compagna"
la domanda,noun,f,question,A1,s01e07,s01e09 s01e10 s01e11 s01e12 s05e03,"domanda, domande, la domanda"
la faccia,noun,f,face,A1,s01e07,s01e10 s01e11 s01e12 s05e03,"facce, faccia, la faccia"
la persona,noun,f,person,A1,s01e07,s01e08 s01e09 s01e11 s01e12 s05e03,"la persona, persona, persone"
raccontare,verb,,to tell,A1,s01e07,s05e03,"racconta, raccontano, raccontare, racconti, racconto"
sempre,adverb,,always,A1,s01e07,s01e08 s01e09 s01e10 s01e11 s01e12 s05e03,sempre
simpatico,adjective,,"nice, likeable",A1,s01e07,s01e11 s01e12 s05e03,"simpatica, simpatiche, simpatici, simpatico"
timido,adjective,,shy,A1,s01e07,,"timida, timide, timidi, timido"
vecchio,adjective,,old,A1,s01e07,s01e08 s01e09 s01e10 s01e11 s01e12 s05e03,"vecchi, vecchia, vecchie, vecchio"
vedere,verb,,to see,A1,s01e07,s01e08 s01e09 s01e10 s01e11 s01e12 s05e03,"vede, vedere, vedi, vedo, vedono"
bussare,verb,,to knock,A1,s01e08,s01e12,"bussa, bussano, bussare, bussi, bussiamo, busso"
comprare,verb,,to buy,A1,s01e08,s01e11 s05e03,"compra, comprano, comprare, compri, compriamo, compro"
decorare,verb,,to decorate,A1,s01e08,,"decora, decorano, decorare, decori, decoriamo, decoro"
dolcetto o scherzetto,expression,,trick or treat,A1,s01e08,,dolcetto o scherzetto
giocare,verb,,to play (a game),A1,s01e08,s01e09,"gioca, giocano, giocare, giochi, giochiamo, gioco"
il cimitero,noun,m,cemetery,A1,s01e08,,"cimiteri, cimitero, il cimitero"
il costume,noun,m,"costume, outfit",A1,s01e08,,"costume, costumi, il costume"
il fiore,noun,m,flower,A1,s01e08,,"fiore, fiori, il fiore"
il vaso,noun,m,vase,A1,s01e08,,"il vaso, vasi, vaso"
insieme,adverb,,together,A1,s01e08,s01e09 s01e11 s01e12 s05e03,insieme
la candela,noun,f,candle,A1,s01e08,,"candela, candele, la candela"
la caramella,noun,f,"candy, sweet",A1,s01e08,,"caramella, caramelle, la caramella"
la festa,noun,f,"holiday, party, feast day",A1,s01e08,s01e12,"festa, feste, la festa"
la lettera,noun,f,letter,A1,s01e08,s01e09,"la lettera, lettera, lettere"
la luce,noun,f,light,A1,s01e08,s01e09 s01e10 s01e11 s05e03,"la luce, luce, luci"
la notte,noun,f,night,A1,s01e08,s01e09,"la notte, notte, notti"
la regola,noun,f,rule,A1,s01e08,s01e09 s01e10 s05e03,"la regola, regola, regole"
la sorpresa,noun,f,surprise,A1,s01e08,s05e03,"la sorpresa, sorpresa, sorprese"
la tomba,noun,f,"grave, tomb",A1,s01e08,,"la tomba, tomba, tombe"
la zucca,noun,f,pumpkin,A1,s01e08,s01e09,"la zucca, zucca, zucche"
lavorare,verb,,to work,A1,s01e08,s01e09 s01e11 s05e03,"lavora, lavorano, lavorare, lavori, lavoriamo, lavoro"
mangiare,verb,,to eat,A1,s01e08,s01e09 s01e10 s01e11 s05e03,"mangi, mangia, mangiamo, mangiano, mangiare, mangio"
preparare,verb,,"to prepare, to get ready, to make",A1,s01e08,s01e10 s01e12,"prepara, preparano, preparare, prepari, prepariamo, preparo"
regalare,verb,,to give (as a present),A1,s01e08,s01e10,"regala, regalano, regalare, regali, regaliamo, regalo"
spiegare,verb,,to explain,A1,s01e08,,"spiega, spiegano, spiegare, spieghi, spieghiamo, spiego"
suonare,verb,,to ring (a bell); to play (music),A1,s01e08,s01e09 s01e10 s05e03,"suona, suonano, suonare, suoni, suoniamo, suono"
tornare,verb,,"to come back, to return",A1,s01e08,s01e09 s01e10 s01e11 s01e12 s05e03,"torna, tornano, tornare, torni, torniamo, torno"
capire,verb,,to understand,A1,s01e09,s01e10 s01e11 s01e12 s05e03,"capiamo, capire, capisce, capisci, capisco, capiscono"
che cosa,pronoun,,what,A1,s01e09,s01e10 s01e11 s01e12 s05e03,che cosa
chi,pronoun,,who,A1,s01e09,s01e10 s01e11 s01e12 s05e03,chi
chiedere,verb,,to ask,A1,s01e09,s01e10 s01e12 s05e03,"chiede, chiedere, chiedi, chiedo, chiedono"
come,adverb,,how; like,A1,s01e09,s01e10 s01e11 s01e12 s05e03,come
costa,verb,,to cost,A1,s01e09,,"costa, costano"
dove,adverb,,where,A1,s01e09,s01e10 s01e11 s01e12 s05e03,dove
i compiti,noun,m,homework,A1,s01e09,s01e10,"compiti, compito, i compiti"
il compagno,noun,m,classmate; companion,A1,s01e09,s01e10 s01e11,"compagna, compagne, compagni, compagno, il compagno"
il mestiere,noun,m,job; trade,A1,s01e09,s01e11,"il mestiere, mestiere, mestieri"
il pomodoro,noun,m,tomato,A1,s01e09,s01e11 s01e12 s05e03,"il pomodoro, pomodori, pomodoro"
il prezzo,noun,m,price,A1,s01e09,,"il prezzo, prezzi, prezzo"
il progetto,noun,m,project,A1,s01e09,s01e12 s05e03,"il progetto, progetti, progetto"
l'America,noun,f,America,A1,s01e09,s01e10 s05e03,"america, l'america"
l'italiano,noun,m,Italian (language),A1,s01e09,s01e10 s01e11 s01e12 s05e03,"italiano, l'italiano"
la lezione,noun,f,lesson,A1,s01e09,s01e10,"la lezione, lezione, lezioni"
la lingua,noun,f,language; tongue,A1,s01e09,s05e03,"la lingua, lingua, lingue"
la risposta,noun,f,answer,A1,s01e09,s05e03,"la risposta, risposta, risposte"
no,adverb,,no,A1,s01e09,s01e10 s01e11 s01e12 s05e03,no
non,adverb,,not,A1,s01e09,s01e10 s01e11 s01e12 s05e03,non
perché,conjunction,,why; because,A1,s01e09,s01e10 s01e11 s01e12 s05e03,perché
quale,adjective,,which,A1,s01e09,s01e10 s01e11 s01e12 s05e03,"quale, quali"
quando,adverb,,when,A1,s01e09,s01e12 s05e03,quando
quanto,adjective,,how much; how many,A1,s01e09,s01e11 s01e12 s05e03,"quanta, quante, quanti, quanto"
rispondere,verb,,to answer,A1,s01e09,s01e10 s01e11 s01e12 s05e03,"risponde, rispondere, rispondi, rispondo, rispondono"
sì,adverb,,yes,A1,s01e09,s01e10 s01e11 s01e12 s05e03,sì
aprire,verb,,to open,A1,s01e10,s01e11 s01e12 s05e03,"apre, apri, apriamo, aprire, apro, aprono"
ballare,verb,,to dance,A1,s01e10,,"balla, ballano, ballare, balli, balliamo, ballo"
difficile,adjective,,difficult,A1,s01e10,s01e11 s05e03,"difficile, difficili"
facile,adjective,,easy,A1,s01e10,s01e11 s01e12,"facile, facili"
finire,verb,,to finish,A1,s01e10,s01e12,"finiamo, finire, finisce, finisci, finisco, finiscono"
il compito,noun,m,homework; class test,A1,s01e10,,"compiti, compito, il compito"
il corridoio,noun,m,corridor,A1,s01e10,s01e11 s01e12,"corridoi, corridoio, il corridoio"
il corso,noun,m,course,A1,s01e10,s01e11 s05e03,"corsi, corso, il corso"
il segreto,noun,m,secret,A1,s01e10,s01e11 s01e12 s05e03,"il segreto, segreti, segreto"
il tango,noun,m,tango,A1,s01e10,s01e11,"il tango, tango"
l'insegnante,noun,m/f,teacher,A1,s01e10,,"insegnante, insegnanti, l'insegnante"
la borsa,noun,f,bag,A1,s01e10,s01e11 s01e12 s05e03,"borsa, borse, la borsa"
la frase,noun,f,sentence,A1,s01e10,s01e11 s05e03,"frase, frasi, la frase"
la lavagna,noun,f,blackboard,A1,s01e10,,"la lavagna, lavagna, lavagne"
la musica,noun,f,music,A1,s01e10,s01e11,"la musica, musica"
la pausa,noun,f,break,A1,s01e10,,"la pausa, pausa, pause"
la sala,noun,f,"room, hall",A1,s01e10,s01e11 s01e12 s05e03,"la sala, sala, sale"
leggere,verb,,to read,A1,s01e10,s01e11 s05e03,"legge, leggere, leggete, leggi, leggiamo, leggo, leggono"
preferire,verb,,to prefer,A1,s01e10,s05e03,"preferire, preferisce, preferisci, preferisco, preferiscono"
prendere,verb,,to take,A1,s01e10,s01e11 s01e12 s05e03,"prende, prendere, prendi, prendiamo, prendo, prendono"
prestare,verb,,to lend,A1,s01e10,s01e11 s05e03,"presta, prestano, prestare, presti, presto"
promettere,verb,,to promise,A1,s01e10,,"promette, promettere, prometti, prometto, promettono"
scrivere,verb,,to write,A1,s01e10,s01e11 s01e12 s05e03,"scrive, scrivere, scrivi, scriviamo, scrivo, scrivono"
sentire,verb,,to hear,A1,s01e10,s01e11 s01e12 s05e03,"sente, senti, sentiamo, sentire, sento, sentono"
arrivare,verb,,to arrive,A1,s01e11,s01e12 s05e03,"arriva, arrivano, arrivare, arriviamo, arrivo"
coprire,verb,,to cover for someone,A1,s01e11,,"copre, coprire, coprite, copro, coprono"
davanti,adverb,,"in front, ahead",A1,s01e11,s01e12 s05e03,davanti
il biglietto,noun,m,ticket,A1,s01e11,,"biglietti, biglietto, il biglietto"
il binario,noun,m,"platform, track",A1,s01e11,,"binari, binario, il binario"
il cartello,noun,m,sign,A1,s01e11,,"cartelli, cartello, il cartello"
il centro,noun,m,"center, downtown",A1,s01e11,s01e12,"centro, il centro"
il controllore,noun,m,ticket inspector,A1,s01e11,,"controllore, controllori, il controllore"
il duomo,noun,m,cathedral,A1,s01e11,,"duomo, il duomo"
il finestrino,noun,m,"window (of a train, car)",A1,s01e11,,"finestrini, finestrino, il finestrino"
il piccione,noun,m,pigeon,A1,s01e11,,"il piccione, piccione, piccioni"
il turista,noun,m,tourist,A1,s01e11,,"il turista, turista, turisti"
il vagone,noun,m,"train car, carriage",A1,s01e11,,"il vagone, vagone, vagoni"
in ritardo,expression,,"late, behind schedule",A1,s01e11,,in ritardo
l'orario,noun,m,"timetable, schedule",A1,s01e11,s05e03,"l'orario, orari, orario"
la bugia,noun,f,lie,A1,s01e11,s05e03,"bugia, bugie, la bugia"
la macchina fotografica,noun,f,camera,A1,s01e11,,"la macchina fotografica, macchina fotografica"
la metropolitana,noun,f,"subway, metro",A1,s01e11,,"la metropolitana, metropolitana"
la scusa,noun,f,excuse,A1,s01e11,s01e12 s05e03,"la scusa, scusa, scuse"
la verità,noun,f,truth,A1,s01e11,s05e03,"la verità, verità"
nascondere,verb,,to hide,A1,s01e11,,"nasconde, nascondere, nascondo, nascondono"
ridere,verb,,to laugh,A1,s01e11,s01e12 s05e03,"ride, ridere, rido, ridono"
salire,verb,,"to get on, to board",A1,s01e11,s01e12 s05e03,"sale, salgo, salgono, saliamo, salire"
scendere,verb,,to get off,A1,s01e11,s05e03,"scende, scendere, scendiamo, scendo, scendono"
timbrare,verb,,"to stamp, to validate",A1,s01e11,,"timbra, timbrano, timbrare, timbrate, timbro"
davvero,adverb,,"really, truly",A1,s01e12,s05e03,davvero
disegnare,verb,,to draw,A1,s01e12,,"disegna, disegnano, disegnare, disegno"
il cuore,noun,m,heart,A1,s01e12,s05e03,"cuore, cuori, il cuore"
il genero,noun,m,son-in-law,A1,s01e12,,"generi, genero, il genero"
il giornalista,noun,m,journalist,A1,s01e12,,"giornalista, giornalisti, il giornalista"
il matrimonio,noun,m,"wedding, marriage",A1,s01e12,,"il matrimonio, matrimoni, matrimonio"
il punto interrogativo,expression,,question mark,A1,s01e12,,"il punto interrogativo, punti interrogativi, punto interrogativo"
il ramo,noun,m,branch,A1,s01e12,,"il ramo, rami, ramo"
in più,expression,,"extra, one more",A1,s01e12,s05e03,in più
l'albero genealogico,expression,,family tree,A1,s01e12,,"alberi genealogici, albero genealogico, l'albero genealogico"
la foglia,noun,f,leaf,A1,s01e12,s05e03,"foglia, foglie, la foglia"
la prozia,noun,f,great-aunt,A1,s01e12,,"la prozia, prozia, prozie"
lontano,adverb,,far away,A1,s01e12,s05e03,"lontana, lontane, lontani, lontano"
mai,adverb,,never,A1,s01e12,s05e03,mai
per sempre,expression,,forever,A1,s01e12,,per sempre
preferito,adjective,,favorite,A1,s01e12,,"preferita, preferite, preferiti, preferito"
solo,adjective,,"only, alone",A1,s01e12,s05e03,"sola, sole, soli, solo"
uguale,adjective,,the same,A1,s01e12,,"uguale, uguali"
vero,adjective,,"true, real",A1,s01e12,s05e03,"vera, vere, veri, vero"
accettare,verb,,to accept,B1,s05e03,,"accetta, accettano, accettare, accetti, accetto"
almeno,adverb,,at least,B1,s05e03,,almeno
comunque,adverb,,"anyway, in any case",B1,s05e03,,comunque
decidere,verb,,to decide,B1,s05e03,,"decide, decidere, decidi, decido, decidono, deciso"
guadagnare,verb,,to earn,B1,s05e03,,"guadagna, guadagnano, guadagnare, guadagni, guadagno"
il capo,noun,m,boss,B1,s05e03,,"capi, capo, il capo"
il contratto,noun,m,contract,B1,s05e03,,"contratti, contratto, il contratto"
il direttore,noun,m,"director, manager",B1,s05e03,,"direttore, direttori, direttrice, il direttore"
il futuro,noun,m,future,B1,s05e03,,"futuri, futuro, il futuro"
il posto,noun,m,"place, job, position",B1,s05e03,,"il posto, posti, posto"
il trasferimento,noun,m,"move, relocation",B1,s05e03,,"il trasferimento, trasferimenti, trasferimento"
invece,adverb,,instead,B1,s05e03,,invece
l'azienda,noun,f,company,B1,s05e03,,"azienda, aziende, l'azienda"
l'email,noun,f,email,B1,s05e03,,"email, l'email"
l'estero,noun,m,abroad,B1,s05e03,,"estero, l'estero"
l'offerta,noun,f,offer,B1,s05e03,,"l'offerta, offerta, offerte"
la carriera,noun,f,career,B1,s05e03,,"carriera, carriere, la carriera"
la decisione,noun,f,decision,B1,s05e03,,"decisione, decisioni, la decisione"
la notizia,noun,f,news,B1,s05e03,,"la notizia, notizia, notizie"
la promozione,noun,f,promotion,B1,s05e03,,"la promozione, promozione, promozioni"
la proposta,noun,f,proposal,B1,s05e03,,"la proposta, proposta, proposte"
la scelta,noun,f,choice,B1,s05e03,,"la scelta, scelta, scelte"
la sede,noun,f,"office, headquarters",B1,s05e03,,"la sede, sede, sedi"
lo stipendio,noun,m,"salary, pay",B1,s05e03,,"lo stipendio, stipendi, stipendio"
preferisco che,expression,,I prefer (that),B1,s05e03,,"preferiamo che, preferisce che, preferisco che, preferiscono che"
rifiutare,verb,,to refuse,B1,s05e03,,"rifiuta, rifiutano, rifiutare, rifiutato, rifiuto"
scegliere,verb,,to choose,B1,s05e03,,"sceglie, scegliere, scelgo, scelgono, scelto"
spero che,expression,,I hope (that),B1,s05e03,,"spera che, sperano che, speriamo che, spero che"
trasferirsi,verb,,to move (house or country),B1,s05e03,,"mi trasferisco, si trasferisce, trasferirmi, trasferirsi"
vogliono che,expression,,they want (someone) to,B1,s05e03,,"vogliamo che, voglio che, vogliono che, vuole che"
